Machine_ID,Temperature,Pressure,Vibration,Usage_Hours,Maintenance_History,Failure
1006,59.44250024128372,24.291179537421,0.7077379995591243,3929,0,0
1019,47.153643552179,32.677887234442146,0.64212829829525,6480,1,0
1014,76.61353225878902,30.243343684415255,0.4834228802398545,715,0,0
1010,82.75472572488914,34.78428439637787,0.39182525127011597,2430,1,0
1007,79.7168810519784,40.099189458271276,0.556568707966939,1854,1,0
1006,59.70235696827192,20.84804434045426,0.49392685896145067,563,0,0
1018,85.38826145111929,31.900393542208867,0.6551155044595705,9258,0,0
1010,68.01783971684648,24.4069033278322,0.28336191565842217,4367,1,0
1010,65.93096505858246,33.94449649016725,0.7188056759288627,3258,1,0
1003,67.79367764696816,28.640439994632818,0.5531990607611803,3724,0,0
1007,75.78408922506077,30.136613804320866,0.41869878782796277,5038,0,0
1002,60.15298428482928,23.58411286035096,0.5733989227418566,5517,0,1
1001,74.62964086280883,27.86786487443416,0.6297421421289704,6104,0,0
1011,79.2944824538367,30.4483112555413,0.5114346891303688,8981,0,0
1005,86.07323896243615,36.78039073403354,0.3235079615855157,5703,1,0
1001,76.75956657221244,26.027197362957228,0.4706152963652894,2312,1,0
1000,61.60371501806209,27.246542142348435,0.6039395053042138,6220,1,1
1011,76.48890227652224,34.721448210911404,0.5496664734227374,5918,1,0
1011,64.3974172605388,25.703298581503446,0.4843492969164627,482,0,1
1016,63.8205484363305,35.71192571987063,0.6308315830891436,2356,0,0
1009,61.37296396460021,29.95456712636872,0.5739305840832296,1512,0,0
1015,55.88746320105976,31.515614807959217,0.5816339155938344,9875,1,0
1014,69.32836832064605,31.837611512546854,0.4589365308019199,6246,0,0
1014,86.28888743046907,26.918897232966962,0.44926163182539014,471,0,0
1018,97.56484015427542,31.949434097361976,0.33000402793169786,5906,1,0
1011,69.26414841659906,26.1381510784285,0.4740608244062744,5665,1,1
1019,85.86105526769656,27.4894849795056,0.5935392053798128,8902,1,0
1002,71.05417681763404,32.793454830166375,0.4795906702984413,8407,0,0
1004,58.492642805514386,31.466969778209513,0.5445538846529006,7537,0,0
1018,82.00942261446077,29.625175245804762,0.6111199356653281,546,1,0
1006,77.34814086795566,23.706341753684946,0.5372832991798632,1491,1,0
1008,93.18019607961115,24.95420855325185,0.5470514761760802,1440,0,0
1006,59.65321518017244,31.383545219524922,0.36421775379624455,3039,1,1
1017,102.96032708335277,33.66070281742558,0.46774352158980226,6069,0,0
1003,90.91717323188156,24.451772477396215,0.6726626506496596,9365,1,0
1013,74.82076426438147,25.800873762739162,0.5103797181096094,4913,1,0
1017,72.01362208201482,30.6709258708886,0.6896738181996575,3669,1,0
1008,67.84190131131382,30.563939313145468,0.42768843693610525,5554,0,1
1001,76.09732639187793,21.880213956194794,0.523394745213454,3250,0,0
1019,73.16063844591021,30.807815067199947,0.4617321562448132,9897,1,0
1014,80.13795413580611,27.008160948848907,0.5591984685124554,6514,0,0
1006,72.05633338981694,38.205233148644794,0.5895008668060121,4757,1,0
1011,89.14963691496664,31.24599271367828,0.5602466095700901,7047,1,0
1007,76.25046031166447,32.107367249379514,0.6041852143748029,8043,0,0
1014,72.43182972074268,32.236796510953056,0.4986827011477673,3762,0,0
1002,85.2428658177939,23.930363096737178,0.48094716323363224,4582,0,0
1013,58.77476369802248,39.719384465543015,0.3241806992724028,4897,0,0
1016,78.40988352277134,21.88544376274413,0.5638450935164565,5168,1,0
1003,75.25571336409433,33.97851570849871,0.5172184092240157,5580,0,0
1017,60.89149469594217,33.093319687403245,0.49320852624374667,8133,0,0
1007,57.91496720431492,27.6149881004352,0.48091825945456546,1083,1,0
1003,85.10345002941578,33.33225158356694,0.496312043865621,5707,1,0
1001,84.62790690350694,28.41213400588131,0.4763763868502083,8643,1,0
1005,76.7255842963436,26.62269277572111,0.4471966161436695,9571,1,0
1009,92.16657776454724,32.34779584676464,0.5239588880724169,2007,0,0
1003,79.40968181861268,24.96719504456049,0.5484159118932953,7024,0,1
1017,87.49805319411215,28.87872420621215,0.4229432085613819,9316,1,0
1011,79.20324587184521,27.029116256350214,0.4599264430812609,8837,1,0
1001,72.24190434398008,28.320102452135274,0.47953782487351315,4274,0,0
1009,64.42468748566658,32.163642995650925,0.5004813307376785,9180,0,0
1003,68.96563745097237,27.02816813826897,0.4871814530414233,7365,0,0
1013,72.42877728752782,29.038380434638178,0.5659721199656393,9397,0,0
1015,88.63153102106705,27.484273740492092,0.33476329842961905,2090,0,1
1014,82.69919558529664,37.219983327872725,0.35249628016598833,5696,1,0
1007,78.30319068242616,31.713061991069452,0.5193569399253578,4098,1,0
1013,83.70009907564075,31.100348164833598,0.43973141521722114,3875,1,0
1007,80.27383715692483,33.41709252311712,0.588424230577381,9212,1,0
1015,77.61937611106826,27.029327116125568,0.6169800952588551,4745,0,0
1012,60.01340598493045,34.2962861249992,0.523374717642291,2161,1,0
1017,86.39157572861677,31.73088872916371,0.39280250837258207,4587,0,0
1014,70.41488152473524,22.195545486229673,0.6054593516227059,4535,0,0
1012,85.88540277622545,22.859845834496177,0.5198902662150328,2744,0,0
1008,86.8521029151089,27.13851473607967,0.3513064027472882,1145,0,0
1014,68.29960806444653,23.39496752067415,0.3601480351934816,8051,0,0
1012,84.49716080595938,28.808607696502083,0.6516946789708645,6549,0,0
1000,71.39012520744102,24.93131004292068,0.635113591326123,2781,0,0
1006,71.44967672353276,29.511384734645407,0.24828568579037552,3299,1,0
1008,77.57473234582658,37.05854687965728,0.36422091047421234,6868,0,0
1000,77.8447258916954,29.753115482219076,0.6140855495621655,9230,1,0
1011,75.38551515350892,28.485177725490356,0.4981507411606952,7540,1,0
1007,61.65711984444043,31.94121323892672,0.5701849285492093,8733,0,0
1010,73.7855336051566,26.517901035386984,0.4938047253901903,2650,0,0
1018,97.78478728188406,34.21707154698,0.5654492490071203,4325,1,0
1016,47.15995771197978,32.47606476562056,0.5005833546665434,696,1,0
1007,83.69740440228412,30.194327810242818,0.4562391743243034,6154,1,0
1002,85.57124933356309,30.77157915816793,0.605874382991481,1605,1,0
1002,61.41652280713848,40.20872955281426,0.5202054616025646,9153,0,0
1000,70.30561086590454,34.71156105133934,0.5652388716243566,6568,0,0
1004,64.99282842056655,40.99763315580667,0.5157447924960766,7336,0,0
1009,93.53965377311879,32.66015096646226,0.4513643106450187,1651,1,0
1006,86.03025266777783,22.64154278664656,0.6608389311357192,6952,0,0
1008,86.51425374464732,28.689131485680797,0.5354968254757666,1549,1,0
1006,76.20647225994796,21.498975627259668,0.4644951355627848,6053,0,0
1008,88.12091949749643,32.64151517333459,0.6278329470318716,8556,1,0
1007,74.91763432937921,33.72702098672701,0.36791762261210426,8142,0,0
1011,88.59157627210558,25.570420020203606,0.7236283650795986,2759,0,0
1001,73.51303575887779,26.721818101765734,0.4820850242336572,7609,1,0
1000,68.2075808328656,30.743754481176076,0.37319857926166233,7993,1,0
1015,93.10950266331943,24.00947968367891,0.6905941348457565,7545,1,0
1004,74.79151239334864,23.634201153787338,0.45368323869272087,2821,1,1
1002,66.01200091757536,36.1931602402056,0.5243244569855627,9754,1,0
1011,65.90366102510028,30.573553090819843,0.5717690741439464,9737,0,1
1007,65.93421326980959,27.20945321147022,0.6184172527660146,3025,1,0
1002,83.44442351029369,21.539405557213904,0.5299774563721564,9924,0,0
1000,74.01137122954785,34.26175678447236,0.4352684591669963,7204,0,0
1002,97.97958975997082,26.577408938915156,0.5218992523333993,6340,0,0
1004,86.8617818232412,39.30342222935269,0.4580684454668279,612,0,0
1014,77.5713813009397,34.296550488467226,0.5249011676364523,315,0,0
1013,89.03897541198283,25.959290727963655,0.6628149545756858,7399,1,0
1002,70.04492663530516,26.42264151434264,0.5755925191643794,3253,1,0
1000,56.45214195840694,38.60925581472166,0.5206646438098339,7550,0,0
1004,65.1041694242526,29.578702765827476,0.573849083260634,1806,0,0
1013,76.47207829369603,27.43344385838315,0.5810080651909186,1667,1,0
1006,72.7745852782886,30.13860844238285,0.39221258970312745,1228,1,0
1008,83.24415388257461,27.410436749731048,0.5041722711215698,3610,0,0
1014,73.7538621865653,31.205242385540824,0.7562527659332516,7967,1,0
1014,82.48034725961725,29.620881892408686,0.6212820985031866,2465,1,0
1009,90.0097163056429,34.377539902557544,0.44965644408388,5683,1,0
1012,73.72304149389228,28.057129483804367,0.4396792103882378,4997,0,0
1018,80.55145288711121,25.575918166551766,0.4363474276824398,5818,1,0
1006,57.45213159424766,28.25507651688207,0.5866319950262058,6101,0,1
1016,73.76106021259442,28.224580508879768,0.6607640921116218,4667,0,0
1019,62.680418742539786,29.612330924030033,0.5582167044480058,9371,0,0
1003,76.45226777129346,33.172701440286126,0.5157162349868818,2841,0,0
1004,77.3599975667733,32.8995448373596,0.45558446423672283,3120,0,0
1006,77.32676357913795,35.99829337929284,0.5329373145583527,6356,1,0
1012,70.19877410203706,25.942551611332377,0.41798782799037904,328,0,0
1014,97.98468861734833,31.943600615255544,0.3064234452788761,8462,0,0
1010,62.31978488356932,33.636599235103574,0.6636825690112449,394,0,0
1003,61.70854172838484,26.628897968440683,0.39941873296378905,4384,1,0
1012,91.54978375736584,28.961844735088103,0.4675167626330681,8717,1,0
1006,67.95720869410107,21.250110628906015,0.5656357450629291,6901,1,1
1018,65.5530931246357,34.53428847562868,0.6434466869346054,1018,1,0
1001,98.02911897723112,28.922508988400654,0.5257130652418621,598,1,0
1009,84.85722716823564,34.032820883404995,0.3806289012339172,2909,1,0
1012,69.05535451861778,31.030247589397565,0.46986535503084487,5061,1,0
1005,77.17507905693562,29.074173855125633,0.43215145949749206,9117,0,0
1011,94.45871284827683,22.03598600323757,0.4961788972528679,3879,0,0
1011,81.91620680950868,22.925236946417797,0.6231984471269636,2218,1,0
1019,87.86148455106442,17.03426907829129,0.24626114039301156,6491,0,0
1010,83.04803178733805,27.18693258585672,0.4588610169972509,245,0,0
1006,84.30253345953541,41.39124351590624,0.45159503636129816,8042,1,0
1000,75.39741695910428,23.56026305241,0.37432386551043606,4665,0,0
1000,75.1134847897622,16.842840582900468,0.5585490743749616,292,0,0
1019,77.67050385348453,34.81334459792766,0.35850241281239514,5287,1,0
1012,82.344528074503,41.818589346483506,0.37001057207036747,6737,0,0
1008,72.16684684167387,31.489605326299014,0.5851069214020613,8343,1,0
1002,76.22053934503005,31.443661973599802,0.6500571368962669,2510,1,0
1006,71.89654384044015,28.450589631781245,0.4923903231388041,1920,0,0
1005,76.15684821994529,21.0287138474497,0.37826038810107343,3064,0,0
1007,62.490036690181526,22.74644041128262,0.429444590822175,2621,0,0
1008,101.05977466959519,28.41623335300741,0.6008001947245045,2668,1,0
1004,67.67059881221124,27.45772329985128,0.5116438240663393,5982,1,0
1000,71.38539275240569,29.424135361150288,0.48989612231180774,1967,1,1
1018,66.80735606445198,34.1466241196408,0.5313049709913146,7565,0,0
1009,81.1570874916454,27.090810840414896,0.49623400564745596,7702,0,0
1011,73.03997368757669,34.248583782023054,0.6545712297659217,3299,1,0
1014,65.36192489902783,27.12355145048615,0.42508567353063986,6203,0,0
1008,81.56883366224343,35.191197964328786,0.41360408831647866,340,0,0
1019,82.91649147922791,30.431837835367116,0.3616546481931344,3540,1,1
1016,74.33123675522734,27.820848295392437,0.44600123642743095,4731,1,1
1016,68.36374048617922,30.34647030274445,0.3908024525333845,9699,0,0
1019,96.91066005559718,28.532305789212167,0.5218075508652724,8374,1,1
1011,78.4006763052523,30.565671188399858,0.5020947365525144,5177,0,0
1006,62.25931015046676,33.79053099258736,0.39209244999320236,3868,1,0
1001,89.14040461002769,29.56392200792175,0.5589139359027973,9242,1,0
1002,66.4422525058743,28.152155735731096,0.6516812867129874,8095,1,0
1016,102.41878340269916,24.382418975445855,0.5357838348671023,8902,0,1
1004,75.79657857527587,32.89589009645857,0.24565018170445263,6529,0,0
1016,85.13316036055353,31.741361132013626,0.6987130970670106,3705,1,0
1016,54.19982439153099,24.090285745362394,0.5746923469071059,2273,1,0
1016,62.15859115910037,34.1774713896038,0.6956418253188451,9814,1,0
1001,88.33859619760715,24.00907983698832,0.6090723586149834,6668,0,0
1001,78.17815065629136,35.14610895616947,0.6290515418870559,2701,1,1
1004,95.42396422714073,33.439316635935086,0.5205266893601085,2757,1,0
1000,79.8517510522959,32.098327612990346,0.47377039878101673,6180,1,0
1000,76.4529623974104,28.11502420416482,0.5373481187732161,7425,1,0
1018,92.13573990822205,32.878898913332264,0.42912149197534605,2259,0,0
1001,85.10136999225445,35.3818599762059,0.5433880850900232,3930,0,0
1011,73.03738800723711,32.96175960554087,0.23732137426492894,8413,1,0
1005,64.05895899501553,26.648749891368812,0.5042932245214413,4468,0,0
1003,51.28384335234506,31.33703491177732,0.6344676120102133,1417,0,0
1010,70.62334330197295,35.66017493147518,0.5094308578928965,4593,0,0
1016,63.13664904778628,40.995490902783516,0.6727482738030988,1330,1,0
1005,100.97704643234384,28.97393512750402,0.4736254612151395,1233,0,0
1004,68.49629055929974,34.28941553065715,0.6002650912987828,7707,0,0
1019,68.22290994374956,35.67240260042159,0.4121729926326634,1401,0,0
1001,59.787551254113545,25.93797500505118,0.5961956619555379,2010,1,1
1005,72.33682671477297,38.910391590307405,0.5232594908227817,8182,1,0
1010,68.35465070357787,24.67407657958277,0.4780249504157271,8207,0,0
1015,92.3772942874446,34.04492757516488,0.24261178849355797,9797,0,0
1015,76.68476159414985,31.52659889773533,0.474562322419445,8070,1,0
1000,74.91135977343623,30.2778777999908,0.521345301927981,2016,1,0
1008,73.65327245917402,42.73416640724322,0.5828709435219918,7096,0,0
1005,82.86174920189202,28.493723823365993,0.6560949799099067,2857,0,0
1015,70.476718343655,28.413272036356958,0.7035032701365911,6564,1,0
1002,81.67206093531838,36.657394036988975,0.6246267343122984,278,1,0
1019,91.13969820727445,33.80901889043392,0.4437909674695806,9188,0,0
1003,79.60075010299647,36.410494604792774,0.4695195910482261,6462,1,0
1018,72.50268717174865,30.584346911705566,0.5738915471043683,9843,0,1
1002,65.46540829028099,31.584713085060816,0.5519614459847801,8783,0,0
1018,72.24876013652926,39.50467806497287,0.6628345959391362,160,0,0
1019,80.63078873972572,25.820229602096518,0.7479389418709912,9369,1,0
1006,59.674726580826785,29.4856147795417,0.7267180195098223,6781,0,0
1019,83.31542757709282,33.99127035712722,0.6493938199798345,2995,0,0
1008,77.07612688228065,29.02069589956081,0.5527902648942897,685,1,0
1000,73.50810840241282,27.149270603584824,0.6349325062945844,5923,1,0
1007,68.40586588548997,33.09242256393261,0.6661441013728396,634,0,0
1006,70.23622299030633,36.67902833245747,0.48526996027449815,3562,0,0
1017,80.97306041465308,29.295828185970713,0.44673390274912406,4111,1,0
1007,73.7178847390489,29.157051895946253,0.42325789999283253,3498,1,0
1000,69.9886003272143,26.761559871582847,0.41236152665546966,2255,1,0
1010,79.68563493371522,28.520115782971327,0.3618004677406809,6066,0,0
1017,80.0818977749213,35.41803039915093,0.5249901709117728,7429,0,0
1009,62.50824938675952,30.405314353468285,0.4000247198911868,7057,0,0
1002,80.71480696576985,25.97504669534856,0.42164778158646177,9296,1,0
1006,100.01698212860443,31.311811901618313,0.5701255559176727,5425,0,0
1015,79.69620789375504,35.2559700549302,0.518160906625351,8618,1,1
1015,58.00992795156333,27.190571682262856,0.5429624940633675,4803,0,0
1019,76.77375391839546,23.356973902022183,0.6365148761892081,2806,1,0
1016,56.69184625806315,40.95412579936376,0.5864529908540795,101,0,0
1001,106.6737167206416,23.107353249783763,0.6518886581452663,9325,0,0
1000,97.35674686984474,28.204887180721073,0.507997649477807,8416,1,0
1015,68.34061517204604,31.160642559293347,0.6611790591312396,1204,1,0
1011,52.54332801006164,28.637861493778544,0.535973676435746,1961,0,0
1004,66.21628812907215,29.625445776724906,0.5168706261095203,5369,1,0
1004,73.19009261060276,32.88419083937297,0.6461526206276503,7043,1,0
1008,57.381362579602616,18.041391711436034,0.4127846320806705,8420,0,0
1008,74.30977485003773,23.665527642380745,0.7023600567542475,537,1,0
1002,73.12421335729748,30.221296930351645,0.4717899979962714,4946,0,0
1018,76.25154697062888,27.97891494013195,0.37818920284506785,3229,0,0
1015,77.2964517693798,30.64705629137799,0.5653501952055862,9513,1,0
1015,65.34382400122848,31.138266413156522,0.46226784898817397,8181,1,0
1002,66.46585960250346,19.42040002264504,0.702580709191125,1001,0,1
1019,75.4559216447005,36.36820166075823,0.45670991812148526,5498,0,0
1000,68.69007870126053,27.50866058449825,0.5314448917351962,6778,0,0
1019,84.07494768417256,25.672434076119966,0.3574406684521897,5629,0,0
1010,75.358945497677,31.041776479796397,0.5812914244897471,6704,0,0
1016,93.65003233997474,30.535801138911214,0.4222609924141095,4018,0,0
1007,83.20482438271226,35.98345408827319,0.5693324690332601,1167,1,0
1003,86.03713869390597,31.359365813850083,0.4571654760294138,126,1,0
1005,76.32566067964785,35.7905542401215,0.29530653132772,7037,1,0
1007,76.57361501290296,25.309113122861472,0.5131190090343883,7364,0,0
1019,92.31320579909178,30.709305276037497,0.5086428517078435,7218,1,1
1002,71.2170711646297,24.426261463375553,0.5881071573622614,647,0,0
1015,80.4677935416524,30.488379277801396,0.6556000571839204,8858,0,0
1002,72.33762467838542,29.428560221990573,0.6912409409916799,8995,1,0
1017,72.31363941612697,29.213512873995484,0.5864154213470886,5438,0,0
1013,63.3110373425828,29.257362238191835,0.5278619192065919,3240,0,0
1017,67.5748564914306,33.68194735092299,0.35726664104845346,8096,0,0
1001,65.7173054858355,21.9632017149871,0.5202020936990007,1690,0,0
1002,80.9436880892317,25.501060686079136,0.5214940169938933,7876,0,0
1015,85.40205928223662,29.797140866274123,0.48013597403439723,5043,0,1
1008,74.05246626421598,24.10668455264375,0.5632967650600809,9097,1,0
1003,77.29627930163653,30.23057053100522,0.6121905710982134,7898,0,0
1000,73.47528644894903,29.745737393794627,0.4181596069471316,3891,0,1
1003,66.89224080107014,22.981216774737085,0.41660156458005326,1457,0,0
1000,83.62263024796879,22.734174268728612,0.4860707988223371,8192,0,0
1013,81.52534693759479,16.88105882225367,0.4384770809292077,3325,1,0
1015,56.07454014696036,23.896649751590434,0.3358746797640137,2560,1,0
1019,72.16890998764747,30.071616291053,0.40034072636770485,8837,0,0
1007,66.17972658792571,30.78093911470439,0.37676788529625593,2828,0,0
1006,71.09061430334775,31.009497798142252,0.6208450508018153,6826,0,0
1002,68.29568432953741,26.110405936663096,0.6702827006009279,7581,1,0
1016,74.535796292586,29.908482579892553,0.3904566542705413,6530,1,0
1000,71.70085264866526,31.986223046207265,0.5546073513137111,3214,1,0
1015,71.4885930617916,23.659822252494234,0.5873516424469751,716,1,0
1011,86.07388428338713,30.6166453719527,0.3507731213340136,3744,0,0
1018,80.57178660669248,33.28240605917546,0.5160978947178999,6513,1,0
1013,67.96105349699566,27.546139350885596,0.7533516165346525,1303,1,0
1005,69.44453267186579,35.31117165174801,0.5677146866357631,2665,0,0
1005,79.91793055399613,27.66282828087515,0.47546994586674696,3274,0,0
1012,79.90419571702766,25.699695724384625,0.4439813474781791,3181,1,0
1018,68.9621976093793,32.784205892764604,0.2977538415279105,2730,1,0
1007,72.66009333097836,40.16646884733228,0.5470473656116732,3261,1,0
1001,93.46806040086969,30.426768094439044,0.6947816787254315,4421,1,0
1000,69.13451911478657,33.1745390205686,0.41864562456020793,8961,0,0
1014,94.10804588458785,27.45641389451078,0.30644153204829383,6369,0,1
1000,86.03666942525805,23.791918901019862,0.43357758186467754,7199,1,0
1004,92.25416275055466,30.83132822950367,0.5881599745978209,7476,1,0
1015,68.70928027930572,31.621999858939557,0.45714999951779145,4178,1,0
1018,73.31444125937239,28.210444548094188,0.4179531907086912,5901,1,1
1003,70.50836191224437,33.15528259010753,0.5019154915057858,4251,1,0
1002,86.26753191926203,26.7295999509284,0.5229700747167855,9011,0,0
1016,69.32316227327911,25.48956867074129,0.3611609859228305,2700,0,0
1016,82.31215493342873,35.303214652430825,0.47827163030631764,6275,0,0
1011,81.7829941119204,35.32673813270815,0.45027323860776614,766,1,0
1013,74.51970469285823,26.828284470821607,0.43590956507519174,383,1,0
1005,87.98659734164336,38.59425245202411,0.3982963330608552,5940,0,0
1002,76.07679869726606,28.564466537348753,0.5941257854794798,3665,0,0
1008,83.34085718608303,30.423914323219794,0.4355613071201972,4693,1,1
1004,70.05296631082217,29.576737290757862,0.30050547141867145,1565,0,0
1016,67.76563185893176,32.6188010872284,0.5264297821975433,8421,1,0
1013,82.31145529257608,31.357107469004713,0.5725199472673185,4834,1,0
1002,79.30840244333749,31.28981080790829,0.42039839347841224,6357,0,0
1000,77.43307664128366,24.90219184140057,0.4440337310216034,7466,0,0
1019,71.56311652062216,21.557188416051577,0.43509462795716275,3772,0,0
1000,90.49209476526303,35.71080014126431,0.46533466385698896,7482,1,0
1002,63.834141957461526,27.272770005301282,0.6106850182189822,6687,1,0
1017,63.28656990269028,29.75483313283261,0.48859408276276434,1092,0,0
1009,84.42166505163829,31.633994549448904,0.5839593545667205,6958,1,0
1002,83.6009638414307,38.145048016746344,0.40311683684532473,2221,1,0
1007,78.53762778991867,30.80678962321254,0.4616309580419016,2323,1,0
1013,72.12047778097194,28.026012185379514,0.5954013815847307,4622,0,0
1017,80.02422129190413,27.382278093565713,0.41943946015737404,3288,1,0
1014,92.20830297119534,29.813215793790306,0.601213646090853,3337,0,0
1001,100.15546207874225,25.453176151796935,0.4371615909004862,4236,0,0
1009,58.43586294524843,30.14437861574505,0.46783374849415804,443,1,0
1001,70.81079880751453,29.73990155770993,0.6670162587348925,4804,0,0
1016,70.1822673701516,38.20763474322076,0.45641810228337687,4923,1,0
1007,91.26519471699682,29.581994307045395,0.5145345802750635,5020,0,0
1000,50.187050134347984,20.37755919475575,0.5616436422521737,3301,0,0
1008,80.13835193065546,43.36755485198239,0.5226508649672011,5571,1,0
1010,72.43189691580966,34.78416865578048,0.5255053348889577,988,0,1
1015,91.3811274954764,40.41174372047792,0.49434602560182656,9633,0,0
1006,90.0103884000446,24.21340006507758,0.36977607909836774,7227,0,0
1009,78.65506734826693,28.89086609371854,0.5348289330099758,3820,1,1
1002,59.20276929288203,33.3720062074716,0.42675315429883454,2983,1,0
1017,69.26110517664867,32.68195686142229,0.5775767217403176,4312,0,0
1012,70.35608923386262,31.53468853679776,0.6372061423949685,7061,0,0
1006,61.73545205546535,19.00194640749723,0.31944427385829843,2515,0,0
1003,86.5458428185937,21.43780271217843,0.6373807827427105,9409,1,1
1012,60.46573502725594,37.58760054531936,0.4588942208132957,3101,1,0
1019,94.65327508453711,38.47664766434845,0.48690507778155273,1838,0,0
1000,94.62822634045459,29.466743542818023,0.408761254748761,1464,1,0
1007,71.14939738140494,36.95213737203191,0.5188467729066277,2808,1,0
1013,78.28495370129816,24.88386116928351,0.5066814883177405,1024,1,0
1015,74.27716521929575,26.027869732656598,0.6076922825292851,251,1,0
1013,84.0182480036169,24.488598390684253,0.4258606723369743,8877,0,0
1011,87.74677338564759,25.75040227155677,0.6660802401937909,8144,1,0
1018,77.57996992120066,33.613480047613095,0.566471408630889,1012,1,0
1014,79.69116709781062,25.688238134682777,0.509096897677541,2421,0,0
1001,68.79395736060484,41.198715199639324,0.4819215636104509,595,0,0
1001,79.36713966890338,32.30035303173719,0.46934305528661496,2248,1,0
1018,76.62762078923981,35.42263523247544,0.4758656225593495,656,1,0
1016,65.88205511248643,32.44970291400037,0.5168401956935473,1652,0,0
1019,74.85962890656889,36.071348252296396,0.4791000039306268,2220,0,0
1009,71.16817482013927,25.660000002307264,0.4359470543492513,3185,0,0
1005,68.90504418181942,37.23466769099778,0.5174459294836702,3604,1,1
1014,63.53508792400432,30.704694427957186,0.41637118812746127,256,1,0
1010,75.62502733249475,36.04633055484369,0.5322466901001747,9026,0,0
1004,67.19525993674657,22.80217973311908,0.4776932964519258,7605,1,0
1000,70.288918276973,30.902916033041816,0.5696730909231844,7262,0,1
1007,85.75124275217289,30.726193583908326,0.5989074210695478,5623,1,0
1011,81.32116101268377,26.903817675102793,0.5988680560344739,7643,0,0
1011,65.21233352138746,31.56559414873632,0.5318105056052626,8155,0,0
1004,78.51891067906436,37.69803424000757,0.5434831220766845,4754,1,0
1006,76.32780698264155,26.519238205184394,0.4677248973881565,6350,1,0
1003,92.01696208533461,34.80927178102469,0.5677639688483348,7346,1,0
1005,88.83145000872274,24.36288471926746,0.5790501360661724,254,1,0
1012,59.66251274290164,40.5472229732123,0.3432670846475472,8050,1,0
1019,83.611276689586,33.92300159218354,0.5378347195607264,1096,1,0
1014,87.65197251623698,38.62558666129286,0.6368129807708867,4726,0,0
1002,80.59359208728331,33.36030259546884,0.4643709705395216,3005,1,0
1007,71.64587856305809,31.953065888646808,0.44254530238661205,9469,0,0
1019,99.13393915117136,33.96466470242959,0.45801365389136806,253,0,0
1015,81.51409280927022,29.31776268322914,0.34951240071708733,7953,1,0
1012,94.76544273728229,21.91083047220839,0.512598395444891,6581,0,0
1017,88.51478429473508,32.236996732333964,0.5029965440097252,5699,0,0
1009,79.64134660223304,26.22248332700123,0.5197026832877301,1816,1,0
1018,69.20299088526373,24.491690423102987,0.5415976621217802,886,1,0
1016,74.75895121847499,33.18146584219305,0.42020065978185234,4468,1,0
1018,72.78087547206447,28.60445762550153,0.5273199199022044,8196,0,0
1004,62.854810443507304,35.13852203302845,0.544319865991573,4372,1,0
1008,81.50281574959703,26.055296156204648,0.4511608269182968,3867,1,0
1011,90.6735300195941,27.64585511743087,0.5420117998251973,8934,1,1
1000,72.01696505448554,35.751480131506966,0.5080706626386742,6094,1,0
1000,96.63656499224737,31.39921330498804,0.43688102305566195,7316,0,0
1014,59.42417214138266,22.6133597954693,0.5282788696483677,8957,1,0
1001,85.54363548387204,31.288804414300554,0.47092892566467803,3526,0,0
1015,91.7152023540541,37.406192742944015,0.5697065274014387,3883,1,0
1007,72.9596941901894,27.607112776892663,0.4760833619930962,5527,0,0
1012,73.13943494857119,32.990288482264546,0.371023441823494,7111,0,0
1000,85.42765175844401,25.753065424220473,0.5266986985527651,8152,0,0
1015,80.05991109959534,29.316083625152856,0.5229403247831435,3801,1,0
1006,55.02588656540493,35.44917768225217,0.39188628872023384,9361,0,0
1004,66.56626845460619,31.096158338774867,0.5750536115435305,2449,1,1
1002,74.8645045195254,36.44634931357818,0.5698220836135479,7111,1,0
1011,61.303018203149335,32.126512021139305,0.41300198075250916,7155,1,0
1015,70.25825683570096,41.093698386004206,0.4340373698940089,1312,1,0
1018,61.553145747560656,22.175433153903654,0.48579923869704733,7065,1,0
1004,71.2982936944661,28.914033249695176,0.4241147868962362,9444,0,0
1013,71.6337727267884,24.577331033539743,0.5640397184911677,6804,1,0
1004,78.51754676593714,24.918754127708752,0.514897194932721,7533,0,0
1014,74.082406760005,24.9640815309698,0.3906442854111764,2611,0,0
1016,80.02789721040756,30.8386291102561,0.417752908715071,243,0,0
1013,78.83544007473921,31.131504674109337,0.6187719177166402,7467,0,0
1019,85.3133999426431,32.137279624975584,0.6535562377915416,3328,0,0
1004,83.73783040960116,24.38469719927724,0.5538728976052508,4682,0,0
1011,82.68123835134716,28.37887590500855,0.4788724744849686,6131,0,0
1015,106.04867428466721,25.17852680121816,0.4560037087593423,4343,1,0
1015,78.47402636642329,34.67940778135858,0.5549699418311005,9649,0,0
1006,100.93571503858861,25.648662249095132,0.5075920534259487,2813,1,0
1003,79.12218402243934,28.93143924002059,0.3389928552585623,4285,0,0
1000,74.17149085194109,32.801532206615526,0.6031867982534831,9649,0,0
1004,71.26834817786803,26.921856627512177,0.634580326736287,7428,0,0
1009,90.09725798448429,33.46939222490327,0.5737252532943198,4733,0,0
1004,91.40503392887938,37.98039867766575,0.3908388805371792,3292,1,1
1003,80.99783855964729,30.948558643627628,0.436317355027666,400,1,0
1001,86.33546774502706,34.508054572842035,0.31422801386422883,823,1,0
1019,62.22779534076917,19.632895555318086,0.6596048491395556,5794,0,0
1009,59.51220177487788,27.854740365760748,0.4643261436740972,3110,0,0
1018,87.46326885797454,30.924504084644884,0.7333289321649783,5655,0,0
1000,73.73188502096978,24.735174607998466,0.6955230030907779,167,1,0
1004,82.49302417397503,31.03824667702046,0.40965735836310563,2606,0,1
1012,67.82712050043922,35.29970278029575,0.42917322605969865,1637,1,1
1003,91.56988469704775,20.602196859949892,0.5466190342347119,497,1,0
1015,59.59581328110964,24.054635670980762,0.324545789613373,5780,0,0
1015,61.144149135173116,30.924066353820926,0.45617408826214384,9455,0,1
1001,89.44311583712344,32.30209864720024,0.44618409987932717,4925,1,0
1016,48.901582070170996,33.69040187454826,0.6851165941946709,8847,1,0
1019,78.78568868094916,30.55444739443884,0.5161017885504455,6148,1,0
1011,73.92674004403423,32.307562025079044,0.47152330224628036,3761,0,0
1017,67.64048080799971,34.517403542703406,0.4368515267314699,3041,0,0
1002,73.00060151409632,27.92770949114837,0.5894049597324794,7167,0,0
1000,66.5247650691019,26.957069569967896,0.45032891760695914,5191,0,0
1000,90.42255946048499,29.157466845325658,0.49497170256375,1701,0,0
1018,93.04497088361609,30.997439711387067,0.43608764775280356,1580,0,0
1010,68.14262413211655,26.70863278399341,0.3482462867984606,6330,1,0
1004,77.75524877468531,28.03121341763394,0.40039648722973364,9394,1,0
1011,61.74923529063953,31.98850885253648,0.44980282926353066,3376,1,0
1002,85.73052159003127,30.788753905148578,0.4736745169736371,6547,0,0
1000,85.47009174643314,29.073314385921208,0.4780576074076493,5599,1,1
1000,72.0473776729231,21.294653449686756,0.4911080299481238,6373,0,1
1007,75.16885058419895,29.9824600399573,0.4511312369848991,1399,0,0
1009,74.06234550477329,25.149980162454785,0.6349126348168406,5918,1,0
1010,58.81542166319724,34.9154135260295,0.5947984119856982,6801,0,0
1011,90.46004147600127,28.456394233607462,0.4864890732809162,5094,1,0
1012,67.33046761117569,25.0188397188874,0.5254258279740996,7589,1,1
1011,67.39850727742079,29.692283630599757,0.4627911758547045,9827,0,0
1013,73.49580145538167,36.35349792546096,0.21565147079482244,8369,1,0
1001,84.95548585362279,33.154079245723096,0.5020493012926025,2931,1,0
1018,69.08696784907968,31.09958575302967,0.5305614361251216,2821,1,0
1017,55.47814778596556,23.369524704765716,0.33873382419597725,1632,1,0
1002,66.13001939270467,38.10800049883161,0.5499411069194603,8529,0,0
1016,79.24140419078991,26.891864129820483,0.47194233220551907,5353,1,0
1007,96.89750287809187,34.668919564361715,0.5337933720634662,2096,1,0
1009,62.400800336268446,28.373185608242924,0.4749601352629914,5411,1,0
1001,62.034982325191706,34.187539362416196,0.6250954474226849,377,0,0
1018,59.87404499161184,36.53437047937637,0.5226228820584087,3189,1,0
1008,58.63275008700659,33.24068634953767,0.6002416458672007,623,0,0
1006,87.05691460081431,33.7792747987997,0.6084726142174945,4375,1,0
1003,89.9468857536438,29.50780506922184,0.38804442739115896,5465,1,0
1017,76.77755893580402,27.830169289635947,0.4260983129978852,3222,1,0
1012,70.32287227859143,30.69149344892905,0.5451610682726256,8267,0,1
1010,92.91143786862627,28.300427471153917,0.4634462716241828,5290,0,0
1003,76.73908041656505,42.33601855406246,0.4761393230743704,4675,0,0
1003,85.89436709360434,25.038208567547432,0.6286564822170609,7827,0,0
1009,69.83551058278184,35.010426082952044,0.468963362180793,1897,0,0
1004,75.44243854223774,32.58598417269507,0.4031070651751418,2231,0,0
1008,62.62658354552954,31.149361040619688,0.41661999983644055,7422,1,0
1002,81.29248971893585,37.3994304995692,0.7182356501192702,6600,0,0
1016,76.90937750773315,31.491887263005896,0.4821780519614763,915,1,0
1002,66.05436767586215,26.825465401287925,0.36357522447820895,8734,0,0
1015,66.18892850473539,31.458651886267038,0.3230541404683406,6766,0,0
1003,91.15958503338743,29.084108655473855,0.43753633573258865,242,0,0
1017,94.71668750461816,32.51642334408324,0.48034778805726164,1510,1,0
1016,72.86864663332679,34.06536815814749,0.5949173706427673,634,0,0
1006,75.67753572762163,25.704560288179653,0.5852345166461768,3464,0,0
1004,79.00114474648217,35.97668059001408,0.49936535789271647,1132,1,1
1011,76.48031758159688,28.725500775657704,0.4545831413840411,3442,1,0
1016,58.2570227946137,32.21806961341089,0.5339601853421689,9702,1,0
1012,79.27870677190386,33.08515085160348,0.3251253923863612,6185,1,0
1002,54.12110965399391,31.83694345315315,0.6981080893929218,4600,0,0
1008,67.67315808742381,29.454457411737156,0.5654105595856611,1272,1,0
1016,80.05427146624818,27.55701209003668,0.5866990219728272,9180,0,0
1016,80.99994207924837,28.655027463483293,0.3925846618123389,4617,0,0
1019,66.8992691579051,37.82585966264438,0.6282648641296597,8107,1,1
1015,70.41563059813082,25.670667814354704,0.45399828389737046,1741,0,0
1012,69.06163491001547,26.40378331018517,0.4047441877181437,571,1,0
1018,73.9715583686393,26.184255884281427,0.49608276293937803,3040,0,1
1016,74.73205653364336,30.678769399588326,0.4937444914011626,8838,1,0
1003,81.6846812952911,22.37647275006097,0.3921462927488003,4826,1,0
1011,69.83103137110217,23.232200719328034,0.4105062646458635,7770,1,0
1008,78.73396191913555,28.69522583520371,0.402676822467195,3823,1,0
1018,80.07015764487191,23.561122773508814,0.40362849321431754,463,1,0
1011,76.98289377371866,23.96864345358599,0.46119020929003995,3409,1,1
1008,72.40394177550526,23.598657953185302,0.3611014863827542,645,0,0
1006,76.8064546427544,25.766941454333356,0.4308625502586064,3340,0,0
1013,82.51740273393577,33.65623253335203,0.6045134548384269,6765,0,0
1019,83.39184867716313,34.77853978060541,0.5823309452104184,2036,1,0
1018,93.15372684826906,39.59500446609303,0.3950120759107245,9254,0,1
1014,65.09973763693739,39.41180929256739,0.5958204917294234,982,1,0
1015,70.59992609004597,33.931563549402235,0.3033560730863951,3940,0,0
1004,58.86531339731598,35.13838837400516,0.7429144322012153,7023,0,0
1002,84.31009464327855,30.655510453429592,0.6300313192135593,9162,1,0
1011,71.65492493643254,32.599324260061344,0.4440268087859893,4711,0,0
1019,77.06190982029327,39.718015240915854,0.538242656173511,9157,0,0
1003,68.9566143055336,31.856064340284153,0.3599080671890871,5304,0,0
1015,71.73296005022175,35.766192892726195,0.5060442789925813,7388,1,0
1006,87.23190105426659,25.328241957107444,0.4816336967497533,3303,0,0
1012,81.94233410485984,26.66880637870886,0.41652366106076044,2344,1,0
1009,73.88477942341055,31.560347988974836,0.4531442513674141,118,0,0
1006,82.67813919476397,30.749658350316956,0.44330125241905727,741,0,0
1013,82.89900080037874,26.90032906297552,0.38682632806823647,3183,0,0
1004,71.08574483313265,42.036887919656095,0.4141852754103337,5300,0,0
1002,60.30920439363791,30.862970519574333,0.35581555740002874,8621,1,1
1010,66.00838372997961,27.78637473907669,0.5857330765560618,965,0,0
1010,61.59471396617483,30.75809413680315,0.4067887253543731,873,1,0
1017,86.64434645992907,30.127133513058173,0.3777979128429846,4832,1,0
1014,88.38115216447682,30.939012739455443,0.5841504679815996,3618,0,0
1011,90.86373880159016,22.031414923244835,0.5369620354339331,6895,0,1
1008,54.804444510228315,36.45973348283433,0.580450105594896,7084,1,0
1009,85.71400910373721,36.744147102195754,0.5916083224196654,2667,1,0
1011,97.12191309384686,37.35160386018243,0.6937454896938424,1774,0,1
1016,86.11987713810645,31.627158792681488,0.48439602333068155,839,0,0
1005,53.48770382129331,33.312405300822576,0.3542392321004493,1645,0,0
1006,92.68298308396771,25.668865259963752,0.5271037800762125,9427,0,0
1013,75.41689037131941,34.16449664298695,0.43309953771201826,5227,0,0
1012,72.67600893499528,31.258938534469696,0.40424947166844594,7047,1,0
1007,79.51095296582979,27.69796692180379,0.5099925172217241,6720,0,0
1009,64.50993077429514,34.3237234582042,0.586575273300959,9165,0,0
1008,75.0278237092158,34.517245180455504,0.41640051584037163,4655,1,1
1017,91.20429645104073,30.303044178374666,0.6274388087331719,5745,0,0
1001,81.22396870523288,32.191912900642016,0.4010386040997184,9043,0,0
1004,75.58401472102668,24.841414940332196,0.4756096778674537,7224,1,0
1004,75.89608159927609,36.21591718607179,0.5386307881780867,9145,0,0
1005,63.18606016701199,25.505934059825492,0.4612100791315942,3832,1,0
1018,73.50012108600275,26.47287175960412,0.3223997661061463,2383,0,1
1007,58.65704664370233,30.311578227152683,0.5927407491788805,9621,0,0
1015,85.2244095239381,35.572581421092295,0.4376535659643973,8769,0,0
1012,53.14289517524657,35.569743166078304,0.5744898449393693,7098,1,0
1000,83.5490037962071,29.97587689047435,0.3735855864972338,5513,1,0
1019,84.79410900834061,33.86506681126906,0.3906563417903588,1369,1,1
1016,88.18764615727194,21.55470775335552,0.5862433409555357,7968,1,0
1006,75.86859163161803,26.403400049352236,0.5340508092742023,2703,0,1
1012,84.16628466157529,26.505247802681993,0.4561414289315323,6061,1,0
1003,73.40253359634784,36.26106454879909,0.5355031598170837,9761,1,0
1003,63.13302882312067,33.27327081454004,0.4045960864455642,8669,1,0
1005,90.30732392537995,30.923263879523002,0.5110259117488909,7657,0,0
1018,74.03114170384926,31.40867531914687,0.5128553923390066,1780,0,0
1011,60.90488682526806,37.84169638015062,0.46262183948089713,8533,1,0
1006,70.33185054210217,29.149101667467242,0.41647142944092413,9211,1,0
1009,70.72675317431829,23.429663457329802,0.5070248578214793,5782,0,0
1018,79.61696918124213,35.43597592197652,0.49450188566991016,8184,1,0
1006,98.47047483372731,30.909195186025304,0.4534177921080391,5467,1,0
1002,80.22418613282565,34.76835839082891,0.396618552981925,169,1,1
1012,77.06843851996526,29.776175963067463,0.5012477049335468,4024,1,0
1012,99.55776199562555,25.806552381480536,0.4536677635163394,6300,0,0
1017,84.78893539912725,32.01410860541488,0.39653423795630666,2107,0,0
1019,77.54249204134929,30.050875353707152,0.5043529810758112,9092,0,0
1007,70.20588141181905,30.924711414372045,0.6608305472055386,8219,1,0
1008,78.16200076204561,38.082852470587085,0.4633172334092922,2879,1,0
1006,74.33609595906863,24.506487613076498,0.6497776541242023,5020,0,0
1000,75.91434127558996,31.429593302379914,0.7114331714730096,855,0,1
1002,88.14402424769473,25.905016549206614,0.4046581097622325,6595,0,0
1012,69.59677816862512,17.04727013439971,0.5009044208198964,6035,1,0
1016,80.13540708163514,29.75517405488888,0.7103731917816309,9613,0,0
1000,84.48939989837594,30.155114684999035,0.4878920038590956,2430,1,0
1005,68.37887483175591,33.11761051475379,0.50368121457654,5805,1,0
1005,66.77378584510899,28.912296257080282,0.33299945256251084,8401,0,0
1011,73.49658077419096,22.554998224380142,0.44683380996803324,1116,0,0
1012,70.38370409743538,25.887842113725686,0.5555588684668937,7447,1,0
1012,86.52332608741504,36.584794183433516,0.742928264295125,8316,0,0
1014,64.98231721435346,25.816860353546843,0.480399316652831,5038,0,0
1015,75.6847136852867,37.916127648462535,0.3337373677748645,2938,1,0
1010,100.46048333404475,35.24992146285692,0.3594750809226691,837,1,0
1004,79.13056533786182,28.41109697831965,0.49642103140617033,6300,1,1
1003,80.79290144304885,26.354604184486504,0.6177206798052249,8471,1,0
1002,86.60682495697125,35.23956484565289,0.5637353682875396,331,1,0
1018,70.3705093457464,28.7954437745319,0.5460255863510126,2017,0,0
1019,64.18580371254596,22.271749301500208,0.6309144386917597,8634,1,0
1017,76.76511276162745,32.81158310311629,0.42797709124810485,6018,1,0
1014,77.65403828348538,32.08631723929093,0.5019094719957565,2723,1,0
1008,58.81789205286839,35.68853101357389,0.44796178797976044,8746,0,0
1016,78.75071914682778,31.747974996801485,0.47285442645479264,6501,1,0
1013,85.6985049870104,27.254265114771414,0.3993730645674515,7172,1,0
1014,65.87051926975991,36.348394198010666,0.4656023928566204,2376,1,0
1000,79.35555848374813,36.83495216339422,0.49722844337546007,7493,0,1
1002,83.92263660370133,31.166029819926038,0.46285285001384496,8887,1,0
1015,80.8667820853008,30.301609572664862,0.4838938496986198,3974,1,0
1010,81.81006238741557,23.383644884474474,0.5405040543437186,4630,1,0
1011,72.55199758193699,26.96236828826762,0.62386957690644,7264,0,0
1009,63.724956622594036,33.80384820979677,0.6311155868112598,4597,0,0
1015,70.52853537616087,27.213598498186496,0.5761421767396993,8033,0,0
1007,69.13942898129375,22.715810653033387,0.37400185215616844,2235,0,1
1005,74.19740953792454,47.4793889480005,0.4639590014430146,6827,1,0
1011,85.9327090545993,22.682970207866557,0.47257149692873984,1665,1,0
1007,61.88159871835831,41.28375698217059,0.4342850169211436,408,0,0
1003,76.44250022817391,28.4628827770087,0.5342351179029606,8634,0,0
1007,64.36598354482147,29.57718500428096,0.34056715067185417,8727,1,0
1017,67.59953082177229,26.638608639062006,0.6693566469528291,8468,1,1
1004,80.58740752611841,33.91418582368946,0.6195220671521715,238,0,1
1008,63.10054946634301,22.80112893444958,0.5478202261901758,293,0,0
1003,82.34244289702978,20.79835481882914,0.49378906700798153,3357,0,0
1016,61.47835553375275,38.050857646893036,0.6228839295072554,3335,0,0
1008,81.6698040343816,25.98013800596511,0.5689404936780267,1042,1,0
1000,59.50468730421488,33.73044059769842,0.6106637784218093,4720,0,0
1019,68.82187320743384,24.57271961551892,0.494094791774016,5820,0,0
1012,93.96494383129561,33.54210521447291,0.6789313085864167,6453,1,0
1015,92.08546369766887,38.41773249389225,0.6166887875689856,5057,1,0
1012,70.87475347482855,27.36439307292442,0.5509536295435932,9245,1,0
1013,78.89960586029902,20.332794466070094,0.6255972920431154,9594,1,1
1002,87.04068018884884,38.44396956654953,0.4580838058166028,3481,1,0
1005,81.81296174420471,34.631221607624454,0.3832499640652973,5939,0,0
1017,72.26535753545176,27.63214383114346,0.5321550513047476,2980,0,0
1018,67.51364685963667,28.91023973365677,0.49429095541865314,4987,0,0
1004,83.68103142957929,24.446739018751572,0.4802282657722371,645,1,0
1014,86.30703308614501,37.1012846622098,0.6216312039349403,2027,0,0
1001,92.15701834394388,27.326421960946774,0.5167139213210631,4252,1,0
1009,58.127505765469294,22.90645731226263,0.5263569073535485,104,0,0
1017,62.468752117989474,31.068229407562356,0.4672947441245904,5633,0,0
1012,86.61923602147081,25.699933192107302,0.5881123139279526,9654,1,0
1004,59.48469453249823,24.84992712068446,0.5701875781307919,5478,1,0
1000,87.38549954911933,27.849503981190274,0.5873659676894294,6333,0,0
1000,72.85067494014608,30.431776577501854,0.4502736033363821,2763,0,0
1017,69.79086180663316,23.094451220426265,0.6304088460046995,9565,0,0
1014,77.05428596271469,36.925744626061615,0.6838768423766373,3426,0,0
1016,61.54631547764501,33.385798560328936,0.5842038397324706,3759,0,0
1010,83.24014830598352,28.173185046136343,0.4190711712755709,1231,1,1
1016,91.89636997694697,25.48328256851501,0.41977977157637986,4863,1,0
1012,83.70576215814242,29.55387273541668,0.4624623044406912,6837,1,0
1000,72.53491307445859,34.49717520377861,0.4435622785981479,5192,1,0
1001,59.61964292234559,33.72292013599839,0.49289073743127354,6122,0,0
1008,60.00412543797067,35.29252150225589,0.5632442466367847,3259,0,0
1002,61.703566977606926,27.59811254509839,0.5289952440749849,6259,1,0
1000,74.87721722887683,15.375374104016615,0.5202289056386289,7418,0,0
1015,76.13400063272604,36.23905598958123,0.47587972501998543,8545,1,0
1005,83.68443510740995,29.16401928463824,0.4926154072835451,5407,0,0
1016,57.039710135169244,33.33083032735831,0.5796575507529002,8620,0,0
1004,88.11210230392399,38.34614377320151,0.2988041972500185,3144,0,0
1004,81.94406318945371,42.17204316618841,0.49886095915212686,9712,1,0
1005,71.73163706937865,26.750892609295896,0.5287987594927325,5736,1,0
1002,63.102384582679,30.669799535828222,0.5783583068547293,2992,1,0
1004,87.49140641691119,36.83418230302723,0.39899540607161754,5388,1,0
1004,71.99906038762616,25.778604907385024,0.39370903175468813,5912,0,0
1009,74.79981100655571,27.08944203104786,0.5583954994878133,754,0,1
1009,78.83611970787932,27.059807107705623,0.30955477597430836,5581,0,0
1018,65.86801094218389,29.85954843295989,0.6332189110760785,859,0,0
1016,72.17819420974752,28.89938159855015,0.522659199149281,6882,1,0
1013,83.6531690202038,27.031023388718378,0.6558721212843437,1898,0,0
1008,82.64096078496274,25.171212921968703,0.3912927623430487,5259,0,1
1013,82.73107206695238,34.05970164197646,0.45636405312817596,8546,0,0
1000,63.44820248859568,36.68915510483058,0.2592131673073114,5362,1,0
1018,72.6341964927086,37.413573970862075,0.42043102370047236,3923,1,0
1012,71.03606164952195,27.594632213077578,0.4816153119278121,1976,1,0
1012,79.25178842274701,34.26862336128639,0.3037292419991563,6254,0,0
1003,78.35657989648898,31.181629513638878,0.4605373187801601,7887,1,0
1000,76.55427330742937,27.146643256933373,0.30126598231397556,4616,0,0
1016,99.6573395541993,33.67109109354098,0.47425398150885745,3834,0,0
1007,72.09193919855963,26.916974729772516,0.6147111927108236,9536,0,0
1001,70.92176913931456,28.11911698609156,0.49650202498858775,6072,1,0
1007,63.43250329663944,23.11635148748185,0.6658207372611803,6739,1,0
1006,59.621526740711296,27.67889451283387,0.5786292563394609,5456,0,0
1001,62.796826227842246,31.269306045072923,0.6348147848606971,6480,0,0
1002,67.8131807455672,37.84467247838748,0.42350547591217164,1108,1,0
1017,88.10073094437853,28.232522768991565,0.4210858371607398,4414,1,0
1011,75.39163904361858,24.80915426456533,0.5345613416385369,9802,1,0
1000,76.93330666952734,37.48684485467062,0.3422297908367141,2608,0,1
1011,74.03726691797904,27.477237814578913,0.5471143749762091,4858,0,0
1004,78.65300993021789,21.258091719295678,0.467608018345307,2782,0,0
1016,89.02072147217844,30.665468675683922,0.6329996837546658,7411,1,0
1015,55.06069163731964,28.376132633604126,0.5679512254079411,1089,1,0
1014,87.1833731558538,41.50197821342586,0.6096706430340127,8546,1,0
1014,49.84961547464993,32.37683017173606,0.42457939186049526,4811,0,0
1004,75.28202711521928,29.26828823172582,0.6048210268761728,6579,0,0
1013,96.91907354744416,25.377513953721984,0.6444712494364283,7064,1,0
1001,81.80657939531544,31.650834205964838,0.4961286176619659,8175,0,0
1010,78.73058935320637,37.28354975030897,0.42606493806335116,4552,1,1
1018,95.01945966802973,31.559070917386304,0.42782127987655905,8547,0,0
1006,67.96937101998856,25.76285153941027,0.6239012992015965,1107,1,0
1005,79.33967422465048,32.69403105875977,0.7684345742423311,6596,0,0
1001,80.78117097473893,29.756965525635923,0.4018354929824778,7788,0,0
1005,69.77597865772974,32.24306551659081,0.394147994995744,4008,1,0
1017,70.6588982050402,28.225963249078898,0.5921414180674479,2903,1,0
1001,69.5622056677666,28.10852362869394,0.42460864706333556,4479,1,0
1017,75.87314974008564,27.9111010128411,0.601835538422827,198,1,0
1014,80.46691605771314,34.711190757486804,0.5465346173526646,8488,1,0
1018,76.23230272914662,28.15887362379454,0.4976022697502036,977,0,0
1001,82.09461817429856,27.701346343128865,0.5441271534521688,1968,1,0
1019,55.30852714026452,25.28967049218817,0.5380198369153394,2765,1,0
1005,72.81748836257164,32.27006900858384,0.48203935022138245,1488,1,0
1000,64.76580689649354,31.558509010656092,0.3243638968361505,2515,0,0
1014,78.01722512682899,27.756158877556846,0.5178650728589035,8861,1,0
1009,77.86917428672324,26.453106462210695,0.6573060366064164,2737,1,0
1018,73.84377885042545,39.38086706613856,0.3391231336795476,7342,1,0
1016,80.10279010532071,20.59778472437581,0.4034214979861055,9357,0,0
1004,84.97812718264028,32.465860016008605,0.5426826974766011,8713,0,0
1003,74.39479477693692,36.457017741080044,0.503859186273228,2983,1,0
1009,64.48305111900298,13.065931192558502,0.5411182159584289,1304,0,0
1016,59.18742429080519,33.9707003003809,0.4300681792172338,644,1,0
1009,75.36110175330128,28.89872699251956,0.6162458286592306,1323,0,0
1016,77.41866701513541,31.280274321416297,0.5046900565690211,3272,1,0
1019,65.3047611048002,28.38381017738955,0.5696985522343057,9059,0,0
1004,82.25766823163033,35.376967228230384,0.5320277410971096,6550,1,0
1001,70.41043114175426,31.815596708356786,0.5175494967960993,6620,1,0
1005,58.435671348288494,30.65859944767158,0.562683365702813,754,0,1
1001,87.5643634234519,25.505696965207036,0.5186487953966951,6921,1,0
1012,86.43987919202164,39.41146116917094,0.3809800971904488,2546,1,0
1010,54.84400563336902,30.049655098666356,0.6087356825715965,5992,1,0
1010,69.37399718346308,41.4490289873023,0.5818127286248184,8512,1,0
1015,68.98416318585724,39.637846925890976,0.28931496086421904,3766,0,0
1010,91.39488659417503,21.108245163673097,0.4345799715124323,4377,1,0
1018,74.00707289958343,26.72527019598655,0.6042360462492807,4502,0,0
1014,60.04121801944582,24.815244970125292,0.3173071453522166,2669,0,0
1015,83.82104782240879,29.75896959256469,0.5943566881900745,5615,0,0
1010,62.69224454233919,30.93582010243081,0.48587774643457493,9305,0,0
1015,72.39659509278239,31.149632339467153,0.634028257033399,4085,1,0
1007,67.30231122119123,35.270643380094896,0.49988532109245365,8267,1,0
1003,69.3954490172006,37.46791384654435,0.42779320070043725,7548,0,0
1007,84.37258089563939,34.83743874619319,0.5308085660759141,4410,1,0
1003,90.21330161332166,27.195323928881265,0.49696145104900136,3119,0,0
1002,62.25631253620622,26.0898806744628,0.4189148865859319,3781,1,0
1002,81.26076425507817,30.01380917941968,0.7218343483011387,9735,1,0
1017,67.67246370310004,32.13059763202331,0.40289018184156855,4296,1,0
1018,67.98328089975925,29.084043271414387,0.2757044624940206,672,0,0
1018,79.90636221422714,23.27257581873889,0.6581698968121492,9624,0,0
1004,64.72097234286305,33.410297542884,0.44164365276840734,4853,1,0
1017,79.70602600775045,28.038426156330484,0.47032267390343047,7182,0,0
1009,82.30113356509735,27.887436327889784,0.46420939353709656,4102,0,0
1005,70.67467738300982,29.726936629709535,0.4430348565841674,5729,1,0
1000,88.27078102013667,28.800505414599193,0.4233807528736554,8517,0,0
1004,62.27175387938493,28.167494722439493,0.40031826975030355,4300,1,0
1008,88.45406190611672,23.599373465334054,0.5064759761704566,2097,1,0
1011,55.56012570514867,29.438762665241708,0.4598012442324365,9063,1,0
1013,101.99714140419509,33.51476895953434,0.5730362190333946,7522,0,0
1001,70.93797761378167,31.323220025606446,0.5482694051616154,4624,1,0
1016,63.37692843612382,34.74060719550322,0.40724878064745956,8725,1,0
1013,72.67328091480002,26.357274888399967,0.5108521276072356,3507,0,0
1012,64.53522057375571,23.609707604410993,0.45821616758786465,6831,0,0
1008,78.86965298854543,28.770750105110018,0.40083395573663344,7895,0,0
1014,88.67657331470147,26.928816907256515,0.5689431570515132,9157,0,0
1014,65.06543773943322,27.44832508396126,0.48786747206916353,2893,1,0
1010,80.79399239174003,31.058748590405635,0.4592449979829521,7434,0,0
1015,59.672646311042406,27.484597304476722,0.4144432763576721,3011,0,0
1016,85.32954733228613,23.749657553968028,0.3972063238926661,8052,0,0
1003,79.16236366927595,27.20502636059001,0.6988768023914547,2515,0,0
1000,85.7618332133032,31.70029683430401,0.5334118649629996,350,1,0
1007,73.77653097358895,33.357403005034584,0.39088709627971835,5051,0,0
1016,70.64843402145249,33.30711392041673,0.5287865898322813,8198,1,0
1002,83.16117436057333,32.12236547123955,0.6062016176795537,5389,0,0
1019,61.91951478441581,29.15953267017378,0.5167517612530043,8202,1,0
1014,57.571756682664244,32.02457049479565,0.6374021342133125,7357,1,0
1014,74.95038015959962,29.788321709008816,0.34571868579300324,5665,0,0
1013,71.10403393141208,30.565480689101186,0.30086779526197893,6537,1,0
1013,80.53833331781546,25.3033663106703,0.5260517421853753,9210,0,0
1001,85.91551424313997,30.219374818803576,0.5276496143373883,1273,1,0
1012,80.33014079151138,31.893331171257056,0.16604998217457578,8724,1,0
1013,85.11903311826745,31.705636567198543,0.4376423908797985,935,1,0
1018,78.21052333332165,23.562404869703506,0.3991337685616545,2362,0,0
1006,79.94595748321099,30.481303882016913,0.3608053759296843,9189,1,0
1002,73.8334279016773,22.780552112680432,0.3988958235390189,4667,0,0
1014,79.65045461015183,30.868383230692633,0.559578780159936,3915,1,0
1013,76.66652828563514,26.49331404198643,0.39825949787102916,346,1,0
1010,78.25176796529064,38.528214712627225,0.4016877865418158,2529,1,0
1014,73.3327596691316,30.59621664647945,0.3381194691142321,9282,1,0
1012,83.08929200471297,34.00582009911962,0.6268909642515826,9218,1,0
1017,67.89547450165048,40.5543631851214,0.5434632365470634,5387,1,0
1005,74.81650979095893,25.912990944556395,0.2507643797097099,2707,0,0
1002,88.11783900207575,32.178374554529555,0.40177599207768133,9366,0,0
1018,65.51278177078875,24.070444953835768,0.5528517884394926,6030,0,0
1014,53.38154538247369,31.724485041249597,0.6281392548982837,4122,1,0
1004,78.66457166297972,38.82854633225202,0.5840838759366657,4884,0,0
1009,72.43045509646501,26.860583927791055,0.46443170897421143,6717,1,0
1006,85.10862240371839,25.57022843352702,0.3068623139206962,3251,0,0
1016,73.69484920103007,29.544128832407186,0.587024899391131,5680,0,0
1006,68.95660928436688,40.22908644044143,0.47031031486794955,7154,1,1
1011,74.24182604181787,33.85519459976628,0.506886201461507,7806,1,0
1016,85.93068586613211,25.475426739719946,0.4822579561791503,7719,0,0
1012,80.75369627192376,37.27530291240885,0.3644470500423732,4673,0,1
1019,50.66097743451965,21.724685038334066,0.536425021222299,3591,0,0
1003,76.85767492086771,40.68279564401362,0.5226459031113446,806,0,0
1009,77.35762132401405,34.282253400075795,0.4574211157085202,7097,1,0
1002,74.81750034799481,38.81778720003359,0.5471105799862487,5333,0,0
1008,68.8911010843141,21.761009458079826,0.3626000452576694,9045,1,0
1012,86.94531874506444,30.847209154298433,0.4730997224116891,5855,1,0
1017,87.44033948134862,29.33055536717142,0.5026127472935789,7060,0,0
1014,52.96839539174138,24.965102632766794,0.32650723678649374,8879,1,0
1003,67.02040522258555,23.519881898743037,0.4942903389163947,1434,0,0
1014,73.5526934871428,32.53540629379774,0.5733645146681295,5688,1,0
1001,84.4850820371667,32.98865854056812,0.46967690759571323,1947,1,0
1014,75.34852876391766,36.49987023362876,0.49658850974856555,6951,0,0
1007,68.16406199835076,27.482894733365846,0.5562344039234167,7311,1,0
1007,82.09533577307374,29.29195094922095,0.46121998911337275,7965,1,0
1016,72.88663914449008,23.08770037526954,0.4702202600455711,3417,0,0
1011,73.8259914084504,37.703929059973746,0.3823296485467533,6911,1,0
1018,74.72841566595923,30.347740438786214,0.49850632226792346,264,1,0
1009,80.74308440838485,33.61294250810053,0.46651515163952195,7160,0,0
1008,71.91450398326212,33.78952698055506,0.5499089795053322,3157,0,1
1004,81.86946492647222,37.29553578650989,0.5563459954183239,4528,1,0
1005,74.26931031592927,25.843002663662734,0.5791209039012881,502,1,0
1019,64.32983413582124,33.48793300173589,0.4491739649104869,8705,1,0
1001,74.63223694304551,29.874956468454794,0.28234189143758837,8336,0,1
1012,64.84786596854785,40.528385331703156,0.5741639746464775,6449,1,0
1005,75.40986789775941,25.828179105019917,0.5431120964097409,4257,1,0
1004,83.29473929231466,35.85713173881936,0.436470839531391,967,1,0
1000,64.26370993997885,31.751708896141984,0.5554940199567338,8310,1,1
1005,78.64273405804438,31.489280471030106,0.35514101974837586,464,1,0
1005,66.70962541646793,30.27010363023745,0.6030240212870275,7567,1,0
1015,77.01700559916547,36.73332911418394,0.466637544820595,6671,0,1
1003,83.60204242020484,31.319258505369675,0.41710723869951044,679,0,0
1010,53.704869258899585,22.377923309395115,0.4378298443761112,7774,1,0
1008,63.85524173128655,36.09751784356123,0.4768515013999788,8837,1,0
1002,71.31020554890078,35.18100916065861,0.49879879267005367,6568,0,0
1018,78.15040489181615,32.935688421064235,0.5048280280399406,4250,0,0
1007,73.33616670641676,24.35763185126227,0.45703925560418757,3139,0,1
1004,74.5411921801908,25.134423198893398,0.5200239573461479,4237,1,0
1003,95.42984525351257,20.612785573819455,0.5008279274333434,552,1,0
1005,62.87542721150773,32.30164936589907,0.4352427004425601,6637,1,1
1001,86.3548501636277,23.252255759128154,0.4201809375578736,1481,1,0
1019,71.50021872845583,21.406245535689177,0.5608365542894838,8254,0,0
1010,80.49474792498734,36.37494559650022,0.5524326035997905,1567,0,0
1003,96.289465557456,33.84089782231423,0.5057136355161264,2838,0,0
1014,81.88678023685426,28.334141675845366,0.5924195465990201,7672,0,0
1005,78.7249570979,29.329767083714025,0.30386723438323654,9508,1,0
1016,90.99122335149376,17.96327896508029,0.4435605358493297,6847,1,0
1005,86.24798644593191,34.583724595296104,0.38436828876653556,980,0,0
1018,67.00605923838565,26.53634267755658,0.7256272265137851,3249,0,0
1001,77.94524742453855,31.651454315665703,0.5713219820395986,8376,0,1
1014,57.82504265859241,17.55718869104258,0.49209380163417243,7992,0,0
1010,69.59846611625748,34.88784016080773,0.5784990578846156,4244,0,0
1007,78.1405296759986,26.23577615307138,0.6116275663755115,1268,1,0
1018,68.97894647218742,23.11978868105323,0.6105631691524072,3229,1,0
1012,77.73366745971924,28.301991827558165,0.5921703485100354,3745,0,0
1011,74.8661538434696,27.018023910322576,0.47374596767179383,2626,0,0
1004,80.36416732395043,35.371338064549334,0.44986345805160477,3616,0,1
1005,70.75800977971889,27.898024388191864,0.40378108200193147,3467,1,1
1003,65.59851085563287,36.813085133066835,0.5502447266729007,7438,1,0
1018,89.7812682617326,31.650713078945365,0.4841064264671219,3655,1,0
1019,70.04303257310056,34.47183943606187,0.45815289694828043,5211,0,0
1000,81.60010593117119,29.98916773386057,0.4529338638272198,6852,1,0
1019,89.35247026472535,36.36029491169941,0.6450192630634688,545,0,0
1016,76.62669998997532,24.23188004858662,0.5952680412841671,6464,1,0
1011,66.43693430556851,30.568122287471635,0.6830393856128165,3726,1,0
1014,73.21390025452655,28.017820852842924,0.5529016299892109,4116,1,0
1000,85.17540916606754,36.98314239753656,0.5056954440254898,3975,0,0
1013,77.06247545737862,37.49517202329713,0.49745975492550754,5597,0,0
1005,62.948582077957234,30.00210629618559,0.3979698452738527,6338,1,0
1004,80.96643833533713,23.542444494520975,0.37385810082485993,361,0,1
1010,82.69531469050999,32.13548658395834,0.5507341021892874,5092,0,0
1003,71.44688113882066,21.676951324831165,0.4065321289516745,4125,0,0
1012,81.10244375604746,38.130713993915556,0.5211457753867236,8383,0,0
1010,77.45018595460468,27.634149646819807,0.6115466683095212,4322,0,0
1002,73.0257046135796,29.847149182912524,0.4334546066969103,4275,0,0
1000,62.06464256406336,26.59524462096623,0.7010481634591578,9274,0,0
1005,85.77953895105757,25.491092066495895,0.40093048790559005,3543,1,0
1017,82.59210999919833,33.68645658273526,0.5990194756489846,5111,0,1
1009,80.83886294375313,29.206916614743392,0.5424756181132362,793,0,0
1004,90.44526003678094,30.212412694615875,0.6194095249946151,8447,1,0
1009,84.45193727013594,24.980544603905805,0.38838023886403106,1912,1,0
1011,81.86566006151563,34.2802961174852,0.730702091695361,5824,1,0
1001,52.86772651973169,34.78894867568434,0.48212249162170945,1507,1,0
1012,86.96894951802416,28.955357565602114,0.5676647939299282,8132,0,0
1007,75.83080514282051,36.33961066665944,0.6444487488946501,9508,1,0
1001,78.12491680257139,29.479379228877388,0.4395337932504784,1510,1,0
1019,78.19333189693386,33.89877748144411,0.5825726362947179,3597,0,0
1000,82.7383274364228,21.885362095849512,0.4228530354778507,4472,0,1
1004,86.22175028801685,31.76715433243206,0.639696158045784,7494,0,0
1008,81.34241143059222,28.642592661965327,0.4239819268771266,651,1,0
1016,79.75285589319891,30.77761212977498,0.503850698249576,9468,0,0
1008,77.31512739295572,30.55341202827913,0.530612070101196,4432,1,0
1010,41.48389483095322,30.62849911088492,0.5784299769722616,1097,0,0
1014,72.12408980549812,33.07850364681276,0.6968476308426546,4176,0,0
1005,65.58410482649354,27.174131841970105,0.45480310103855104,6199,1,0
1002,87.10739538939086,32.845396297678214,0.6138734774273606,5655,0,0
1016,81.19037198286294,36.162624415589534,0.6970258448634137,4152,0,0
1004,70.41863012786266,22.949294975098383,0.5165733360864917,5403,0,0
1011,71.42282817730755,26.09729950885337,0.44498672498797087,8218,0,0
1017,71.06018636697578,26.30732287249407,0.32699662605647084,6202,0,0
1013,70.88173845681081,24.539771002745205,0.6883275767411062,5590,1,0
1010,60.55442556475203,27.626511151814704,0.47555556700756363,8664,1,0
1008,58.387205067222325,35.1655925769992,0.39986415007694487,5716,0,0
1001,75.29046772381744,37.23793462256214,0.3641669915790237,2348,1,0
1011,85.75314139359355,30.53087484873251,0.39967858096099584,948,1,0
1002,69.62310302572138,28.378819945759,0.5919705293227165,6454,1,0
1002,78.03444750924045,34.0146198454033,0.6057868527674738,8795,0,0
1000,82.34260917176725,18.1801575287391,0.5652121871455537,8170,0,0
1007,65.06621794416144,24.72410763948421,0.5132337827353365,8994,0,1
1007,74.80024571280097,18.39184796650042,0.37544794104986645,3725,1,0
1010,68.33479518726485,24.671501413222792,0.4270059054097952,414,1,0
1008,91.06119491831294,26.16491236549,0.38933805893187245,2476,0,0
1004,90.62459506862115,37.38840938968839,0.5572821005526265,9332,0,0
1013,65.07657160125149,16.194690169220053,0.39366875211382957,4478,1,1
1002,78.85884383084326,27.91648699882833,0.42857538889464075,8549,1,1
1004,85.6759930081249,33.097832360890536,0.4816512757001493,674,0,0
1004,83.4832950037633,32.05365331634547,0.3330199846903653,9844,1,0
1018,75.81563034984366,37.30869066767447,0.5046771430840846,5685,1,0
1013,88.06557461764348,30.80525739298294,0.48928471189644634,5592,1,0
1003,65.95485311010567,31.871390902405725,0.6184209145961691,9049,1,0
1012,71.96907055605308,20.80746584098725,0.4180134454966248,2910,1,0
1009,66.22357580240426,25.058655709115953,0.3700804481687664,8234,1,1
1017,82.82493494700621,21.086476282759882,0.4625940350408715,9396,1,0
1007,69.17363125700548,32.8630405395705,0.3901908706563984,5770,0,0
1007,73.28750824562914,31.743452258786228,0.5039154591813124,7815,0,1
1006,81.17670368265749,31.56768983641758,0.31400651381733935,6667,1,1
1007,81.98249913777816,25.592831957709627,0.43946545966227185,3559,1,0
1013,65.92873653744749,25.13525110341667,0.407162833017778,6217,1,0
1018,85.56655283772793,31.047234661482086,0.5567757077086068,4092,0,0
1005,79.55689668667252,26.653069736144325,0.41894352903746346,7937,0,0
1000,64.18297160419598,24.897977180838815,0.32639042414015007,303,1,1
1014,61.72284104243387,27.45805314370966,0.47981799030654515,2875,0,1
1000,74.84180289737932,26.69628981982346,0.5319886140274509,2092,1,0
1016,83.5009398931681,25.666385126857733,0.47287948067392743,2343,1,0
1000,83.7571586240098,23.87116091621199,0.4388677220780892,8598,1,0
1014,78.56166877224842,32.24344884169453,0.43284378994157374,1787,1,1
1001,75.48674838326826,37.780247197385286,0.5112948032442034,4209,1,0
1013,80.11737669079005,29.80497899690673,0.4110551250760452,1960,1,0
1007,66.44669485610741,31.11217068484964,0.46715170285894664,5276,1,0
1007,91.86987863025391,32.68188926300852,0.5750446570887373,822,0,0
1018,91.7393841812252,31.83282878596561,0.3698676921094355,9071,1,0
1006,79.28812314620697,25.765438358415103,0.4956332980259728,8820,0,0
1018,76.97300419992852,38.599231055512924,0.3211010587202995,4993,1,1
1005,70.8857902734063,26.213447431610195,0.5227929670009953,443,1,1
1005,80.2874884579966,33.24044182330204,0.4021190789200939,5498,0,0
1002,68.08682628983223,32.65095653671456,0.6019591813030796,8500,0,0
1006,52.76387969004469,20.20779228932681,0.3523052690354651,4836,1,0
1018,47.858926995089135,28.205767915435402,0.5442079036801007,3506,0,0
1007,67.00501666836513,30.283142259060853,0.6221131078526494,9603,1,0
1009,76.56378122918278,30.66575605712143,0.39693105985795313,1019,1,1
1019,78.31971733953483,31.507102577583836,0.413811507100506,5919,0,0
1014,70.13242991490715,33.78831436469988,0.40558043556234025,2144,0,0
1014,76.41835167142904,29.96242317864611,0.4514137311595696,518,0,1
1000,72.25771642945469,31.77308784008972,0.5517421799189466,1849,0,1
1019,65.00687242349862,29.775227066138086,0.44324950661128765,7478,1,0
1006,74.46255491030875,24.913331716226132,0.3879041774793643,1199,0,0
1003,83.12957112365649,30.16200720684837,0.29812462934167094,3492,0,0
1005,65.45938252253677,33.745449221265346,0.6601947506512397,2872,0,0
1000,65.46395386980302,35.54394191237682,0.6680495630414648,6884,0,0
1004,64.30749406047842,32.68657828772102,0.5560237039488457,1645,0,0
1000,55.634812654918846,36.671751629746495,0.4189616305575015,1170,1,1
1003,70.19797625852982,32.0943237370449,0.5747702115131647,6622,1,0
1001,82.1408611295253,34.319399108344186,0.5948706917493066,1950,0,0
1009,76.73916083833763,34.68695574639893,0.4745751868587266,5153,0,0
1004,73.30749115943694,28.88324729558132,0.5041368543998891,3039,1,0
1009,76.2906479824017,33.63001716283834,0.6231768229489493,7294,0,0
1000,70.11018512570841,25.29677551179543,0.33595386429435914,5951,1,0
1005,55.52113362736527,31.749061712744318,0.5998422823122174,6773,1,0
1012,82.83718781814565,32.88512913334226,0.46908461886434866,778,0,0
1014,85.71124573784651,35.25547560349665,0.388742169798895,1088,1,0
1003,67.71843223932213,34.10379651990653,0.3969693526705661,9899,0,0
1012,73.49164379393444,35.32057091667357,0.4135277865480912,1602,0,0
1019,72.6300082893984,29.503098349367885,0.3789929279898797,1889,1,0
1014,78.51288809424541,28.273034226649763,0.6771388974389017,5381,1,0
1007,91.8989345662629,28.62550621057192,0.5491202938501001,5127,0,0
1004,86.59791245289306,31.33141865224315,0.6064482753608569,1525,1,1
1014,71.23085774586104,20.956264921788737,0.5562368291616678,6754,0,1
1003,80.42463861500237,36.65878485197277,0.5061227608470174,2540,1,0
1011,87.54356868572712,30.219366799144876,0.5074755323365632,6956,1,0
1012,79.08345164394778,27.924992088324405,0.4602487361090138,7467,0,0
1001,74.95300595559827,17.351418946972696,0.46842176235598293,9570,0,0
1018,79.46000094667185,29.81593246910859,0.3591896626187108,2694,0,0
1018,67.96728477436527,29.007617424621223,0.6081826151040264,4789,1,1
1003,69.42718875895919,25.514767846773726,0.31867667139969547,2536,0,1
1003,64.35965764798902,26.63476577436494,0.3941389409470801,5617,0,0
1010,78.07064516570243,29.866816777774183,0.701203413096061,9319,1,0
1004,73.68597093977762,27.058817702061585,0.5136172883064827,6410,1,0
1019,66.7688193865192,32.85939033089178,0.5177710445030199,3639,0,0
1010,73.35820588379495,26.256082056779917,0.563733854776773,3583,0,0
1009,79.6999826076317,30.77304214760389,0.34596625068786047,7471,0,0
1007,94.14712305997992,35.90022684405585,0.3606206633529977,2341,0,0
1005,85.12067864703857,29.81702068718724,0.45551056534511536,6478,1,0
1005,52.1585214251766,31.779885619798726,0.40966390424523097,2865,1,0
1007,77.39308466820346,31.463256937002992,0.49250440349905994,9465,0,0
1014,89.29324262712855,30.03998449808633,0.5485549295302136,5011,0,0
1013,61.621265087897676,29.664964290282448,0.6389163047870596,503,0,0
1010,80.51559270212424,27.14312889275044,0.5811088339789591,3482,1,0
1011,72.63357814468954,30.755061452789096,0.40057232883110455,4263,0,0
1012,86.5029053091616,28.583662455802664,0.4625035922052207,7730,0,0
1007,79.04257195013452,37.730450841173536,0.43530548287503856,187,1,0
1017,66.15984545440793,34.05571629554956,0.3983439120987651,9450,1,0
1000,72.99148521709381,22.73602052055827,0.3755824887322168,5916,0,0
1014,73.58304323952378,23.014210008909615,0.666431238772454,5570,0,1
1007,73.76821785189951,29.347700654803173,0.501064224323265,6376,1,0
1010,86.19262944775264,28.023472612801267,0.4775769793395252,5839,0,0
1011,66.5738007860977,29.084030408890374,0.5484257566594302,4373,0,0
1011,85.03051309661184,33.25580730326156,0.5533746103741572,9673,1,0
1003,71.9775032407848,31.578679494386783,0.6118825653706421,6623,1,0
1015,77.23511106329165,31.528146152290773,0.42563383866332344,5103,1,1
1003,75.72377586281034,37.23097332747697,0.5402722216872821,8138,0,0
1004,74.78194661918165,23.055542229134602,0.40888260236491714,6706,1,0
1004,74.86397165554678,30.519694170744497,0.4809842056261272,2164,1,1
1007,89.57358558271021,27.10473726026373,0.5056742567162054,5415,0,0
1009,83.42449924906144,37.17717892919676,0.5154483995719061,417,0,0
1016,71.3728431042007,18.953241970883283,0.5110321105847191,1602,1,0
1008,90.82787254122091,19.17259207143499,0.580183098254492,6230,1,0
1018,77.74681073992853,31.523181481740252,0.4403011609024228,7519,0,0
1013,78.57624259323894,35.63148279662074,0.5181674272903471,2142,0,0
1007,66.62680920668609,33.86627160658525,0.42410951604796,4698,1,0
1008,70.02501341594859,25.995096033411457,0.7920752565885881,218,1,0
1010,68.11496492072824,37.532108610007896,0.408713568223637,809,0,0
1000,75.86072864993675,23.842656257028956,0.42993473456554454,3657,1,0
1013,81.38783079448208,36.537420947716726,0.588264807701312,3350,0,0
1004,78.67232299422213,24.503858748209282,0.45705348564988413,8161,1,0
1013,90.88044156069581,28.24087913831389,0.5883046127701029,8709,0,0
1003,66.12241994788765,33.196347689284586,0.5153022593725884,2703,0,1
1000,76.14869043538881,22.668960845519173,0.459681073344621,1201,1,0
1018,62.17060670701706,37.34511698770384,0.42472446508752226,4521,1,0
1007,65.78129028396738,28.210280842993427,0.4211163438363127,7957,0,0
1014,87.64578377338464,30.686380678391448,0.4607678997487258,8277,1,0
1014,70.36835133528534,35.81100394520376,0.4825603681655202,6182,1,0
1008,66.9663620393973,26.03437327416425,0.4168118756576126,6758,1,0
1008,53.700231244170524,35.304068431276946,0.4890767569813455,2361,0,0
1009,66.86645352211082,38.20266785446185,0.39058847073319924,8121,1,0
1019,72.94719725805021,26.722105013352106,0.5755901216596352,608,1,0
1008,61.42597040213789,36.846938362981476,0.5947362399459964,2479,0,0
1002,72.37216611017531,21.197107028791983,0.4295674809791469,8979,1,0
1019,87.70631060658224,31.948001973972836,0.423982694488478,4852,1,0
1010,67.92694659671668,23.857007421480958,0.5177916807009872,9584,0,0
1005,65.56616950630064,34.71284274268095,0.6265366093031565,5595,0,0
1001,63.76098533134907,34.30228024211102,0.6486663664253174,3309,1,0
